Sample_name	Code	State	City	Location	catchment	Sampler_Start_Date	Sample	Sample_group
2365	10X	Arizona	Tempe	Tempe 01	TP01	2021-07-22	Wastewater	Batch1
2366	11X	Arizona	Tempe	Tempe 02	TP02	2021-07-22	Wastewater	Batch1
2368	13X	Arizona	Tempe	Tempe 04	TP04	2021-07-22	Wastewater	Batch1
2369	14X	Arizona	Tempe	Tempe 05	TP05	2021-07-22	Wastewater	Batch1
2371	16X	Arizona	Tempe	Tempe 09	College	2021-07-22	Wastewater	Batch1
2372	17X	Arizona	Guadalupe	Guadalupe	Guadalupe	2021-07-22	Wastewater	Batch1
2373	18X	Arizona	Tempe	Tempe 10	StLukes	2021-07-22	Wastewater	Batch1
2374	19X	Arizona	Mesa	Location 1	ME01	2021-07-22	Wastewater	Batch1
B1	1X	Georgia	Americus	Americus	MillcreekWaterPollutionControlFacility	2021-07-19	Wastewater	Batch1
2375	20X	Arizona	Mesa	Location 2	ME02	2021-07-22	Wastewater	Batch1
B2	2X	Washington	Des Moines	Des Moines 1	MidwaySewerDistrict	2021-07-19	Wastewater	Batch1
B3	3X	Oregon	Dallas	Dallas	Dallas,ORWaterReclamationFacility	2021-07-19	Wastewater	Batch1
B4	4X	New Mexico	Farmington	Farmington	FarmingtonWWTP	2021-07-19	Wastewater	Batch1
B5	5X	Washington	Des Moines	Des Moines 2	RedondoWWTP	2021-07-19	Wastewater	Batch1
B6	6X	Washington	Walla Walla	Walla Walla	WWTP	2021-07-19	Wastewater	Batch1
B7	7X	Washington	Spokane	Spokane	SpokaneCountyRegionalWaterFacility	2021-07-19	Wastewater	Batch1
B8	8X	New Jersey	Hoboken	Hoboken	NHSAAdamsSt.Hoboken	2021-07-21	Wastewater	Batch1
B9	9X	Arizona	Scottsdale	Scottsdale	CityofScottsdaleWaterCampus	2021-07-20	Wastewater	Batch1
3937	10X	Arizona	Tempe	Tempe 01	TP01	2022-05-23	Wastewater	Batch10
4009	10X	Arizona	Tempe	Tempe 01	TP01	2022-06-06	Wastewater	Batch10
3938	11X	Arizona	Tempe	Tempe 02	TP02	2022-05-23	Wastewater	Batch10
3940	13X	Arizona	Tempe	Tempe 04	TP04	2022-05-23	Wastewater	Batch10
3941	14X	Arizona	Tempe	Tempe 05	TP05	2022-05-23	Wastewater	Batch10
3945	17X	Arizona	Guadalupe	Guadalupe	Guadalupe	2022-05-23	Wastewater	Batch10
4019	19X	Arizona	Mesa	Location 1	ME01	2022-06-06	Wastewater	Batch10
B413	1X	Georgia	Americus	Americus	Americus Mill Creek WPCF	2022-05-23	Wastewater	Batch10
G432	22X	Arizona	Gilbert	Gilbert 2	Greenfield MS	2022-06-07	Wastewater	Batch10
B399	23X	Oregon	Ontario	Ontario	Ontario City Inf	2022-05-09	Wastewater	Batch10
B416	23X	Oregon	Ontario	Ontario	Ontario City Inf	2022-05-23	Wastewater	Batch10
3944	24X	Arizona	Tempe	Tempe 07	Downtown/TP07	2022-05-23	Wastewater	Batch10
B420	25X	Illinois	Carol Stream	Carol Stream	Carol Stream WRC	2022-05-23	Wastewater	Batch10
B436	25X	Illinois	Carol Stream	Carol Stream	Carol Stream WRC	2022-06-06	Wastewater	Batch10
B401	26X	Kentucky	Louisville	Louisville 1	Wood Road and Terry Road Site 1593	2022-05-10	Wastewater	Batch10
B402	27X	Kentucky	Louisville	Louisville 2	Ashby Lane and Mill Creek Site 1594	2022-05-10	Wastewater	Batch10
B404	29X	Kentucky	Louisville	Louisville 4	Preston and South Park 1596	2022-05-10	Wastewater	Batch10
B431	2X	Washington	Des Moines	Des Moines 1	Midway Sewer District	2022-06-06	Wastewater	Batch10
B405	30X	Kentucky	Louisville	Louisville 5	Pineland Drive and Oakmount Drive Site 1597	2022-05-10	Wastewater	Batch10
B406	31X	Kentucky	Louisville	Louisville 6	W. Indian Trail Site 1606	2022-05-10	Wastewater	Batch10
B412	32X	Oregon	Gresham	Gresham	Gresham WWTP	2022-05-24	Wastewater	Batch10
B435	32X	Oregon	Gresham	Gresham	Gresham WWTP	2022-06-06	Wastewater	Batch10
B414	34X	Washington	Sequim	Sequim 2	Sunland Water District	2022-05-23	Wastewater	Batch10
B398	35X	Washington	Sequim	Sequim 1	City of Sequim WRF	2022-05-09	Wastewater	Batch10
B409	35X	Washington	Sequim	Sequim 1	City of Sequim WRF	2022-05-24	Wastewater	Batch10
B432	35X	Washington	Sequim	Sequim 1	City of Sequim WRF	2022-06-06	Wastewater	Batch10
B397	3X	Oregon	Dallas	Dallas	City of Dallas WRF	2022-05-09	Wastewater	Batch10
B410	3X	Oregon	Dallas	Dallas	City of Dallas WRF	2022-05-23	Wastewater	Batch10
B437	3X	Oregon	Dallas	Dallas	City of Dallas WRF	2022-06-06	Wastewater	Batch10
B400	4X	New Mexico	Farmington	Farmington	Farmington WWTP	2022-05-10	Wastewater	Batch10
B411	4X	New Mexico	Farmington	Farmington	Farmington WWTP	2022-05-23	Wastewater	Batch10
B439	5X	Washington	Des Moines	Des Moines 2	Redondo	2022-06-06	Wastewater	Batch10
B396	6X	Washington	Walla Walla	Walla Walla	City of Walla Walla	2022-05-09	Wastewater	Batch10
B408	6X	Washington	Walla Walla	Walla Walla	City of Walla Walla	2022-05-23	Wastewater	Batch10
B395	7X	Washington	Spokane	Spokane	Spokane County Regional WRF	2022-05-09	Wastewater	Batch10
B417	7X	Washington	Spokane	Spokane	Spokane County Regional WRF	2022-05-23	Wastewater	Batch10
B433	7X	Washington	Spokane	Spokane	Spokane County Regional WRF	2022-06-06	Wastewater	Batch10
B415	8X	New Jersey	Hoboken	Hoboken	NHSA Adams St. Hoboken	2022-05-23	Wastewater	Batch10
B407	9X	Arizona	Scottsdale	Scottsdale	COS Scottsdale	2022-05-17	Wastewater	Batch10
2488	10X	Arizona	Tempe	Tempe 01	TP01	2021-08-16	Wastewater	Batch2
2413	11X	Arizona	Tempe	Tempe 02	TP02	2021-08-02	Wastewater	Batch2
2489	11X	Arizona	Tempe	Tempe 02	TP02	2021-08-16	Wastewater	Batch2
2490	12X	Arizona	Tempe	Tempe 03	TP03	2021-08-16	Wastewater	Batch2
2415	13X	Arizona	Tempe	Tempe 04	TP04	2021-08-02	Wastewater	Batch2
2491	13X	Arizona	Tempe	Tempe 04	TP04	2021-08-16	Wastewater	Batch2
2416	14X	Arizona	Tempe	Tempe 05	TP05	2021-08-02	Wastewater	Batch2
2492	14X	Arizona	Tempe	Tempe 05	TP05	2021-08-16	Wastewater	Batch2
2417	15X	Arizona	Tempe	Tempe 08	Rural	2021-08-02	Wastewater	Batch2
2493	15X	Arizona	Tempe	Tempe 08	Rural	2021-08-16	Wastewater	Batch2
2494	16X	Arizona	Tempe	Tempe 09	College	2021-08-16	Wastewater	Batch2
2497	17X	Arizona	Guadalupe	Guadalupe	Guadalupe	2021-08-16	Wastewater	Batch2
2422	19X	Arizona	Mesa	Location 1	ME01	2021-08-02	Wastewater	Batch2
2499	19X	Arizona	Mesa	Location 1	ME01	2021-08-16	Wastewater	Batch2
B16	1X	Georgia	Americus	Americus	MillcreekWaterPollutionControlFacility	2021-08-02	Wastewater	Batch2
B31	1X	Georgia	Americus	Americus	MillcreekWaterPollutionControlFacility	2021-08-16	Wastewater	Batch2
2423	20X	Arizona	Mesa	Location 2	ME02	2021-08-02	Wastewater	Batch2
2500	20X	Arizona	Mesa	Location 2	ME02	2021-08-16	Wastewater	Batch2
G376	21X	Arizona	Gilbert	Gilbert 1	Neely WWTP	2021-08-11	Wastewater	Batch2
G378	22X	Arizona	Gilbert	Gilbert 2	Greenfield MS	2021-08-11	Wastewater	Batch2
B13	23X	Oregon	Ontario	Ontario	Ontario City Inf	2021-08-02	Wastewater	Batch2
B36	23X	Oregon	Ontario	Ontario	Ontario City Inf	2021-08-16	Wastewater	Batch2
2419	24X	Arizona	Tempe	Tempe 07	Downtown/TP07	2021-08-02	Wastewater	Batch2
2496	24X	Arizona	Tempe	Tempe 07	Downtown/TP07	2021-08-16	Wastewater	Batch2
B20	25X	Illinois	Carol Stream	Carol Stream	Carol Stream WRC	2021-08-09	Wastewater	Batch2
B21	26X	Kentucky	Louisville	Louisville 1	Site 1593/MH32985 Wood Road & Terry Road	2021-08-08	Wastewater	Batch2
B22	27X	Kentucky	Louisville	Louisville 2	Site 1594/MH09837 Ashby Lane & Mill Creek	2021-08-08	Wastewater	Batch2
B23	28X	Kentucky	Louisville	Louisville 3	Site 1595/DRGWQTC INF	2021-08-08	Wastewater	Batch2
B24	29X	Kentucky	Louisville	Louisville 4	Site 1596/MH57350 Preston & South Park	2021-08-08	Wastewater	Batch2
B12	2X	Washington	Des Moines	Des Moines 1	MidwaySewerDistrict	2021-08-02	Wastewater	Batch2
B34	2X	Washington	Des Moines	Des Moines 1	MidwaySewerDistrict	2021-08-16	Wastewater	Batch2
B26	31X	Kentucky	Louisville	Louisville 6	Site 1606/MH23290 W. Indian Trail	2021-08-08	Wastewater	Batch2
B32	32X	Oregon	Gresham	Gresham	Gresham WWTP	2021-08-16	Wastewater	Batch2
2495	33X	Arizona	Tempe	Tempe 06	Spence/TP06	2021-08-16	Wastewater	Batch2
B38	34X	Washington	Sequim	Sequim 2	Sunland Water District	2021-08-17	Wastewater	Batch2
B19	3X	Oregon	Dallas	Dallas	Dallas,ORWaterReclamationFacility	2021-08-02	Wastewater	Batch2
B37	3X	Oregon	Dallas	Dallas	Dallas,ORWaterReclamationFacility	2021-08-16	Wastewater	Batch2
B17	4X	New Mexico	Farmington	Farmington	FarmingtonWWTP	2021-08-02	Wastewater	Batch2
B29	4X	New Mexico	Farmington	Farmington	FarmingtonWWTP	2021-08-16	Wastewater	Batch2
B14	5X	Washington	Des Moines	Des Moines 2	RedondoWWTP	2021-08-02	Wastewater	Batch2
B30	5X	Washington	Des Moines	Des Moines 2	RedondoWWTP	2021-08-16	Wastewater	Batch2
B11	6X	Washington	Walla Walla	Walla Walla	WWTP	2021-08-02	Wastewater	Batch2
B33	6X	Washington	Walla Walla	Walla Walla	WWTP	2021-08-16	Wastewater	Batch2
B15	7X	Washington	Spokane	Spokane	SpokaneCountyRegionalWaterFacility	2021-08-02	Wastewater	Batch2
B35	7X	Washington	Spokane	Spokane	SpokaneCountyRegionalWaterFacility	2021-08-16	Wastewater	Batch2
B10	8X	New Jersey	Hoboken	Hoboken	NHSAAdamsSt.Hoboken	2021-07-29	Wastewater	Batch2
B27	8X	New Jersey	Hoboken	Hoboken	NHSAAdamsSt.Hoboken	2021-08-15	Wastewater	Batch2
B39	9X	Arizona	Scottsdale	Scottsdale	CityofScottsdaleWaterCampus	2021-08-17	Wastewater	Batch2
2565	10X	Arizona	Tempe	Tempe 01	TP01	2021-08-30	Wastewater	Batch3
2566	11X	Arizona	Tempe	Tempe 02	TP02	2021-08-30	Wastewater	Batch3
2638	11X	Arizona	Tempe	Tempe 02	TP02	2021-09-13	Wastewater	Batch3
2568	13X	Arizona	Tempe	Tempe 04	TP04	2021-08-30	Wastewater	Batch3
2640	13X	Arizona	Tempe	Tempe 04	TP04	2021-09-13	Wastewater	Batch3
2569	14X	Arizona	Tempe	Tempe 05	TP05	2021-08-30	Wastewater	Batch3
2570	16X	Arizona	Tempe	Tempe 09	College	2021-08-30	Wastewater	Batch3
2658	16X	Arizona	Tempe	Tempe 09	College	2021-09-17	Wastewater	Batch3
2575	19X	Arizona	Mesa	Location 1	ME01	2021-08-30	Wastewater	Batch3
B48	1X	Georgia	Americus	Americus	Americus Mill Creek WPCF	2021-08-30	Wastewater	Batch3
B100	1X	Georgia	Americus	Americus	Americus Mill Creek WPCF	2021-09-27	Wastewater	Batch3
B136	1X	Georgia	Americus	Americus	Americus Mill Creek WPCF	2021-10-25	Wastewater	Batch3
G379	21X	Arizona	Gilbert	Gilbert 1	Neely WWTP	2021-08-25	Wastewater	Batch3
B82	21X	Arizona	Gilbert	Gilbert 1	Neely WWTP	2021-09-27	Wastewater	Batch3
G392	21X	Arizona	Gilbert	Gilbert 1	Neely WWTP	2021-11-01	Wastewater	Batch3
B83	22X	Arizona	Gilbert	Gilbert 2	Greenfield MS	2021-09-27	Wastewater	Batch3
G393	22X	Arizona	Gilbert	Gilbert 2	Greenfield MS	2021-11-01	Wastewater	Batch3
B52	23X	Oregon	Ontario	Ontario	Ontario City Inf	2021-08-30	Wastewater	Batch3
B96	23X	Oregon	Ontario	Ontario	Ontario City Inf	2021-09-27	Wastewater	Batch3
B93	25X	Illinois	Carol Stream	Carol Stream	Carol Stream WRC	2021-09-27	Wastewater	Batch3
B146	25X	Illinois	Carol Stream	Carol Stream	Carol Stream WRC	2021-10-25	Wastewater	Batch3
B40	26X	Kentucky	Louisville	Louisville 1	Site 1593/MH32985 Wood Road & Terry Road	2021-08-22	Wastewater	Batch3
B85	27X	Kentucky	Louisville	Louisville 2	Site 1754/MH09837 Ashby Lane & Mill Creek	2021-09-26	Wastewater	Batch3
B150	27X	Kentucky	Louisville	Louisville 2	Site 1882	2021-11-08	Wastewater	Batch3
B86	28X	Kentucky	Louisville	Louisville 3	Site 1755/DRGWQTC INF	2021-09-26	Wastewater	Batch3
B151	28X	Kentucky	Louisville	Louisville 3	Site 1883	2021-11-08	Wastewater	Batch3
B43	29X	Kentucky	Louisville	Louisville 4	Site 1596/MH57350 Preston & South Park	2021-08-22	Wastewater	Batch3
B87	29X	Kentucky	Louisville	Louisville 4	Site 1756/MH57350 Preston & South Park	2021-09-26	Wastewater	Batch3
B152	29X	Kentucky	Louisville	Louisville 4	Site 1884	2021-11-08	Wastewater	Batch3
B88	30X	Kentucky	Louisville	Louisville 5	Site 1757/MH57769 Pineland Drive & Oakmont Dr.	2021-09-26	Wastewater	Batch3
B45	31X	Kentucky	Louisville	Louisville 6	Site 1606/MH23290 W. Indian Trail	2021-08-22	Wastewater	Batch3
B89	31X	Kentucky	Louisville	Louisville 6	Site 1766/MH23290 W. Indian Trail	2021-09-26	Wastewater	Batch3
B132	31X	Kentucky	Louisville	Louisville 6	Site 1866	2021-10-24	Wastewater	Batch3
B154	31X	Kentucky	Louisville	Louisville 6	Site 1894	2021-11-08	Wastewater	Batch3
B50	32X	Oregon	Gresham	Gresham	Gresham WWTP	2021-08-30	Wastewater	Batch3
B91	32X	Oregon	Gresham	Gresham	Gresham WWTP	2021-09-27	Wastewater	Batch3
B133	32X	Oregon	Gresham	Gresham	Gresham WWTP	2021-10-25	Wastewater	Batch3
2571	33X	Arizona	Tempe	Tempe 06	Spence/TP06	2021-08-30	Wastewater	Batch3
2659	33X	Arizona	Tempe	Tempe 06	Spence/TP06	2021-09-17	Wastewater	Batch3
B56	34X	Washington	Sequim	Sequim 2	Sunland Water District	2021-08-30	Wastewater	Batch3
B94	34X	Washington	Sequim	Sequim 2	Sunland Water District	2021-09-27	Wastewater	Batch3
B144	35X	Washington	Sequim	Sequim 1	Sequim WRF	2021-10-25	Wastewater	Batch3
B142	38X	Texas	Houston	Houston 3	Keegan's Bayou	2021-10-25	Wastewater	Batch3
B53	3X	Oregon	Dallas	Dallas	Dallas, OR Water Reclamation Facility	2021-08-30	Wastewater	Batch3
B102	3X	Oregon	Dallas	Dallas	Rickreall 1070 Bowersville Road 97371	2021-09-27	Wastewater	Batch3
B55	4X	New Mexico	Farmington	Farmington	Farmington WWTP	2021-08-30	Wastewater	Batch3
B99	4X	New Mexico	Farmington	Farmington	Farmington WWTP	2021-09-28	Wastewater	Batch3
B138	4X	New Mexico	Farmington	Farmington	Farmington WWTP	2021-10-25	Wastewater	Batch3
B145	5X	Washington	Des Moines	Des Moines 2	Redondo WWTP	2021-10-25	Wastewater	Batch3
B54	6X	Washington	Walla Walla	Walla Walla	WWTP	2021-08-30	Wastewater	Batch3
B97	6X	Washington	Walla Walla	Walla Walla	WWTP	2021-09-27	Wastewater	Batch3
B135	6X	Washington	Walla Walla	Walla Walla	WWTP	2021-10-25	Wastewater	Batch3
B51	7X	Washington	Spokane	Spokane	SpokaneCountyRegionalWaterFacility	2021-08-30	Wastewater	Batch3
B95	7X	Washington	Spokane	Spokane	SpokaneCountyRegionalWaterFacility	2021-09-27	Wastewater	Batch3
B143	7X	Washington	Spokane	Spokane	SpokaneCountyRegionalWaterFacility	2021-10-25	Wastewater	Batch3
B46	8X	New Jersey	Hoboken	Hoboken	NHSAAdamsSt.Hoboken	2021-08-29	Wastewater	Batch3
B90	8X	New Jersey	Hoboken	Hoboken	NHSAAdamsSt.Hoboken	2021-09-26	Wastewater	Batch3
B139	8X	New Jersey	Hoboken	Hoboken	NHSAAdamsSt.Hoboken	2021-10-25	Wastewater	Batch3
B57	9X	Arizona	Scottsdale	Scottsdale	COS Water Quailty Laboratory	2021-09-01	Wastewater	Batch3
B148	9X	Arizona	Scottsdale	Scottsdale	COS Water Quailty Laboratory	2021-11-02	Wastewater	Batch3
2711	10X	Arizona	Tempe	Tempe 01	TP01	2021-09-29	Wastewater	Batch4
2768	10X	Arizona	Tempe	Tempe 01	TP01	2021-10-11	Wastewater	Batch4
2829	10X	Arizona	Tempe	Tempe 01	TP01	2021-10-22	Wastewater	Batch4
2712	11X	Arizona	Tempe	Tempe 02	TP02	2021-09-29	Wastewater	Batch4
2769	11X	Arizona	Tempe	Tempe 02	TP02	2021-10-11	Wastewater	Batch4
2830	11X	Arizona	Tempe	Tempe 02	TP02	2021-10-22	Wastewater	Batch4
2714	13X	Arizona	Tempe	Tempe 04	TP04	2021-09-29	Wastewater	Batch4
2771	13X	Arizona	Tempe	Tempe 04	TP04	2021-10-11	Wastewater	Batch4
2832	13X	Arizona	Tempe	Tempe 04	TP04	2021-10-22	Wastewater	Batch4
2715	14X	Arizona	Tempe	Tempe 05	TP05	2021-09-29	Wastewater	Batch4
2833	14X	Arizona	Tempe	Tempe 05	TP05	2021-10-22	Wastewater	Batch4
2834	15X	Arizona	Tempe	Tempe 08	Rural	2021-10-22	Wastewater	Batch4
2716	16X	Arizona	Tempe	Tempe 09	College	2021-09-29	Wastewater	Batch4
2835	16X	Arizona	Tempe	Tempe 09	College	2021-10-22	Wastewater	Batch4
2719	17X	Arizona	Guadalupe	Guadalupe	Guadalupe	2021-09-29	Wastewater	Batch4
2776	17X	Arizona	Guadalupe	Guadalupe	Guadalupe	2021-10-11	Wastewater	Batch4
2838	17X	Arizona	Guadalupe	Guadalupe	Guadalupe	2021-10-22	Wastewater	Batch4
2635	19X	Arizona	Mesa	Location 1	ME01	2021-09-13	Wastewater	Batch4
2721	19X	Arizona	Mesa	Location 1	ME01	2021-09-29	Wastewater	Batch4
2778	19X	Arizona	Mesa	Location 1	ME01	2021-10-11	Wastewater	Batch4
B70	1X	Georgia	Americus	Americus	Americus Mill Creek WPCF	2021-09-13	Wastewater	Batch4
B121	1X	Georgia	Americus	Americus	Americus Mill Creek WPCF	2021-10-12	Wastewater	Batch4
2722	20X	Arizona	Mesa	Location 2	ME02	2021-09-29	Wastewater	Batch4
G362	21X	Arizona	Gilbert	Gilbert 1	Neely WWTP	2021-07-26	Wastewater	Batch4
B65	21X	Arizona	Gilbert	Gilbert 1	Neely WWTP	2021-09-14	Wastewater	Batch4
G386	21X	Arizona	Gilbert	Gilbert 1	Neely WWTP	2021-10-11	Wastewater	Batch4
G364	22X	Arizona	Gilbert	Gilbert 2	Greenfield MS	2021-07-26	Wastewater	Batch4
G387	22X	Arizona	Gilbert	Gilbert 2	Greenfield MS	2021-10-11	Wastewater	Batch4
B72	23X	Oregon	Ontario	Ontario	Ontario City Inf	2021-09-13	Wastewater	Batch4
B104	23X	Oregon	Ontario	Ontario	Ontario City Inf	2021-10-10	Wastewater	Batch4
2718	24X	Arizona	Tempe	Tempe 07	Downtown/TP07	2021-09-29	Wastewater	Batch4
2775	24X	Arizona	Tempe	Tempe 07	Downtown/TP07	2021-10-11	Wastewater	Batch4
2837	24X	Arizona	Tempe	Tempe 07	Downtown/TP07	2021-10-22	Wastewater	Batch4
B69	25X	Illinois	Carol Stream	Carol Stream	Carol Stream WRC	2021-09-13	Wastewater	Batch4
B116	25X	Illinois	Carol Stream	Carol Stream	Carol Stream WRC	2021-10-11	Wastewater	Batch4
B59	26X	Kentucky	Louisville	Louisville 1	Site 1689/MH32985 Wood Road & Terry Road	2021-09-12	Wastewater	Batch4
B105	26X	Kentucky	Louisville	Louisville 1	Site 1817	2021-10-10	Wastewater	Batch4
B127	26X	Kentucky	Louisville	Louisville 1	Site 1849	2021-10-25	Wastewater	Batch4
B60	27X	Kentucky	Louisville	Louisville 2	Site 1690/MH09837 Ashby Lane & Mill Creek	2021-09-12	Wastewater	Batch4
B106	27X	Kentucky	Louisville	Louisville 2	Site 1818	2021-10-10	Wastewater	Batch4
B128	27X	Kentucky	Louisville	Louisville 2	Site 1850	2021-10-25	Wastewater	Batch4
B42	28X	Kentucky	Louisville	Louisville 3	Site 1595/DRGWQTC INF	2021-08-22	Wastewater	Batch4
B61	28X	Kentucky	Louisville	Louisville 3	Site 1691/DRGWQTC INF	2021-09-12	Wastewater	Batch4
B107	28X	Kentucky	Louisville	Louisville 3	Site 1819	2021-10-10	Wastewater	Batch4
B129	28X	Kentucky	Louisville	Louisville 3	Site 1851	2021-10-25	Wastewater	Batch4
B62	29X	Kentucky	Louisville	Louisville 4	Site 1692/MH57350 Preston & South Park	2021-09-12	Wastewater	Batch4
B108	29X	Kentucky	Louisville	Louisville 4	Site 1820	2021-10-10	Wastewater	Batch4
B130	29X	Kentucky	Louisville	Louisville 4	Site 1852	2021-10-25	Wastewater	Batch4
B49	2X	Washington	Des Moines	Des Moines 1	MidwaySewerDistrict	2021-08-30	Wastewater	Batch4
B73	2X	Washington	Des Moines	Des Moines 1	MidwaySewerDistrict	2021-09-13	Wastewater	Batch4
B118	2X	Washington	Des Moines	Des Moines 1	MidwaySewerDistrict	2021-10-11	Wastewater	Batch4
B63	30X	Kentucky	Louisville	Louisville 5	Site 1693/MH57769 Pineland Drive & Oakmont Dr.	2021-09-12	Wastewater	Batch4
B109	30X	Kentucky	Louisville	Louisville 5	Site 1821	2021-10-10	Wastewater	Batch4
B64	31X	Kentucky	Louisville	Louisville 6	Site 1702/MH23290 W. Indian Trail	2021-09-12	Wastewater	Batch4
B110	31X	Kentucky	Louisville	Louisville 6	Site 1830	2021-10-10	Wastewater	Batch4
B68	32X	Oregon	Gresham	Gresham	Gresham WWTP	2021-09-14	Wastewater	Batch4
B114	32X	Oregon	Gresham	Gresham	Gresham WWTP	2021-10-11	Wastewater	Batch4
2717	33X	Arizona	Tempe	Tempe 06	Spence/TP06	2021-09-29	Wastewater	Batch4
2774	33X	Arizona	Tempe	Tempe 06	Spence/TP06	2021-10-11	Wastewater	Batch4
2836	33X	Arizona	Tempe	Tempe 06	Spence/TP06	2021-10-22	Wastewater	Batch4
B76	35X	Washington	Sequim	Sequim 1	Sequim Water Reclamation Facility (NEW Sequim)	2021-09-13	Wastewater	Batch4
B111	35X	Washington	Sequim	Sequim 1	Sequim WRF	2021-10-10	Wastewater	Batch4
B74	3X	Oregon	Dallas	Dallas	Rickreall 1070 Bowersville Road 97371	2021-09-13	Wastewater	Batch4
B113	3X	Oregon	Dallas	Dallas	City of Dallas WRF	2021-10-11	Wastewater	Batch4
B67	4X	New Mexico	Farmington	Farmington	Farmington WWTP	2021-09-13	Wastewater	Batch4
B122	4X	New Mexico	Farmington	Farmington	Farmington WWTP	2021-10-13	Wastewater	Batch4
B66	5X	Washington	Des Moines	Des Moines 2	Redondo WWTP	2021-09-13	Wastewater	Batch4
B117	5X	Washington	Des Moines	Des Moines 2	Redondo WWTP	2021-10-11	Wastewater	Batch4
B77	6X	Washington	Walla Walla	Walla Walla	WWTP	2021-09-13	Wastewater	Batch4
B115	6X	Washington	Walla Walla	Walla Walla	WWTP	2021-10-11	Wastewater	Batch4
B78	7X	Washington	Spokane	Spokane	SpokaneCountyRegionalWaterFacility	2021-09-13	Wastewater	Batch4
B120	7X	Washington	Spokane	Spokane	SpokaneCountyRegionalWaterFacility	2021-10-11	Wastewater	Batch4
B58	8X	New Jersey	Hoboken	Hoboken	NHSAAdamsSt.Hoboken	2021-09-12	Wastewater	Batch4
B119	8X	New Jersey	Hoboken	Hoboken	NHSAAdamsSt.Hoboken	2021-10-11	Wastewater	Batch4
B75	9X	Arizona	Scottsdale	Scottsdale	COS Water Quailty Laboratory	2021-09-14	Wastewater	Batch4
B103	9X	Arizona	Scottsdale	Scottsdale	COS Water Quailty Laboratory	2021-10-04	Wastewater	Batch4
B126	9X	Arizona	Scottsdale	Scottsdale	COS Water Quailty Laboratory	2021-10-19	Wastewater	Batch4
2913	10X	Arizona	Tempe	Tempe 01	TP01	2021-11-08	Wastewater	Batch5
2989	10X	Arizona	Tempe	Tempe 01	TP01	2021-11-22	Wastewater	Batch5
3040	10X	Arizona	Tempe	Tempe 01	TP01	2021-12-06	Wastewater	Batch5
2914	11X	Arizona	Tempe	Tempe 02	TP02	2021-11-08	Wastewater	Batch5
2990	11X	Arizona	Tempe	Tempe 02	TP02	2021-11-22	Wastewater	Batch5
3041	11X	Arizona	Tempe	Tempe 02	TP02	2021-12-06	Wastewater	Batch5
3042	12X	Arizona	Tempe	Tempe 03	TP03	2021-12-06	Wastewater	Batch5
2916	13X	Arizona	Tempe	Tempe 04	TP04	2021-11-08	Wastewater	Batch5
2992	13X	Arizona	Tempe	Tempe 04	TP04	2021-11-22	Wastewater	Batch5
3043	13X	Arizona	Tempe	Tempe 04	TP04	2021-12-06	Wastewater	Batch5
2917	14X	Arizona	Tempe	Tempe 05	TP05	2021-11-08	Wastewater	Batch5
2993	14X	Arizona	Tempe	Tempe 05	TP05	2021-11-22	Wastewater	Batch5
3044	14X	Arizona	Tempe	Tempe 05	TP05	2021-12-06	Wastewater	Batch5
2918	15X	Arizona	Tempe	Tempe 08	Rural	2021-11-08	Wastewater	Batch5
2994	15X	Arizona	Tempe	Tempe 08	Rural	2021-11-22	Wastewater	Batch5
3045	15X	Arizona	Tempe	Tempe 08	Rural	2021-12-06	Wastewater	Batch5
2919	16X	Arizona	Tempe	Tempe 09	College	2021-11-08	Wastewater	Batch5
2995	16X	Arizona	Tempe	Tempe 09	College	2021-11-22	Wastewater	Batch5
3046	16X	Arizona	Tempe	Tempe 09	College	2021-12-06	Wastewater	Batch5
2922	17X	Arizona	Guadalupe	Guadalupe	Guadalupe	2021-11-08	Wastewater	Batch5
2998	17X	Arizona	Guadalupe	Guadalupe	Guadalupe	2021-11-22	Wastewater	Batch5
3049	17X	Arizona	Guadalupe	Guadalupe	Guadalupe	2021-12-06	Wastewater	Batch5
3050	18X	Arizona	Tempe	Tempe 10	StLukes	2021-12-06	Wastewater	Batch5
2924	19X	Arizona	Mesa	Location 1	ME01	2021-11-08	Wastewater	Batch5
3000	19X	Arizona	Mesa	Location 1	ME01	2021-11-22	Wastewater	Batch5
3052	19X	Arizona	Mesa	Location 1	ME01	2021-12-06	Wastewater	Batch5
B169	1X	Georgia	Americus	Americus	Americus Mill Creek WPCF	2021-11-08	Wastewater	Batch5
B181	1X	Georgia	Americus	Americus	Americus Mill Creek WPCF	2021-11-22	Wastewater	Batch5
B195	1X	Georgia	Americus	Americus	Americus Mill Creek WRCF	2021-12-06	Wastewater	Batch5
2925	20X	Arizona	Mesa	Location 2	ME02	2021-11-08	Wastewater	Batch5
3001	20X	Arizona	Mesa	Location 2	ME02	2021-11-22	Wastewater	Batch5
G399	21X	Arizona	Gilbert	Gilbert 1	Neely WWTP	2021-11-17	Wastewater	Batch5
B161	23X	Oregon	Ontario	Ontario	Ontario City Inf	2021-11-08	Wastewater	Batch5
B187	23X	Oregon	Ontario	Ontario	Ontario City Inf	2021-11-22	Wastewater	Batch5
B201	23X	Oregon	Ontario	Ontario	Ontario City Inf	2021-12-06	Wastewater	Batch5
2921	24X	Arizona	Tempe	Tempe 07	Downtown/TP07	2021-11-08	Wastewater	Batch5
2997	24X	Arizona	Tempe	Tempe 07	Downtown/TP07	2021-11-22	Wastewater	Batch5
3048	24X	Arizona	Tempe	Tempe 07	Downtown/TP07	2021-12-06	Wastewater	Batch5
B158	25X	Illinois	Carol Stream	Carol Stream	Carol Stream WRC	2021-11-08	Wastewater	Batch5
B185	25X	Illinois	Carol Stream	Carol Stream	Carol Stream WRC	2021-11-22	Wastewater	Batch5
B199	25X	Illinois	Carol Stream	Carol Stream	Carol Stream WRC	2021-12-06	Wastewater	Batch5
B172	26X	Kentucky	Louisville	Louisville 1	Site 1913	2021-11-21	Wastewater	Batch5
B173	27X	Kentucky	Louisville	Louisville 2	Site 1914	2021-11-21	Wastewater	Batch5
B174	28X	Kentucky	Louisville	Louisville 3	Site 1915	2021-11-21	Wastewater	Batch5
B175	29X	Kentucky	Louisville	Louisville 4	Site 1916	2021-11-21	Wastewater	Batch5
B160	2X	Washington	Des Moines	Des Moines 1	MidwaySewerDistrict	2021-11-08	Wastewater	Batch5
B200	2X	Washington	Des Moines	Des Moines 1	MidwaySewerDistrict	2021-12-06	Wastewater	Batch5
B176	30X	Kentucky	Louisville	Louisville 5	Site 1917	2021-11-21	Wastewater	Batch5
B163	32X	Oregon	Gresham	Gresham	Gresham WWTP	2021-11-08	Wastewater	Batch5
B182	32X	Oregon	Gresham	Gresham	Gresham WWTP	2021-11-22	Wastewater	Batch5
B196	32X	Oregon	Gresham	Gresham	Gresham WWTP	2021-12-06	Wastewater	Batch5
2920	33X	Arizona	Tempe	Tempe 06	Spence/TP06	2021-11-08	Wastewater	Batch5
2996	33X	Arizona	Tempe	Tempe 06	Spence/TP06	2021-11-22	Wastewater	Batch5
3047	33X	Arizona	Tempe	Tempe 06	Spence/TP06	2021-12-06	Wastewater	Batch5
B165	34X	Washington	Sequim	Sequim 2	Sunland Water District	2021-11-06	Wastewater	Batch5
B207	34X	Washington	Sequim	Sequim 2	Sunland Water District	2021-12-06	Wastewater	Batch5
B164	35X	Washington	Sequim	Sequim 1	Sequim WRF	2021-11-08	Wastewater	Batch5
B177	35X	Washington	Sequim	Sequim 1	Sequim WRF	2021-11-21	Wastewater	Batch5
B202	35X	Washington	Sequim	Sequim 1	City of Sequim WRF	2021-12-06	Wastewater	Batch5
B155	36X	Texas	Houston	Houston 1	West District	2021-11-08	Wastewater	Batch5
B189	36X	Texas	Houston	Houston 1	West District	2021-11-22	Wastewater	Batch5
B205	36X	Texas	Houston	Houston 1	West District	2021-12-06	Wastewater	Batch5
B156	37X	Texas	Houston	Houston 2	69th Street	2021-11-08	Wastewater	Batch5
B204	37X	Texas	Houston	Houston 2	69th Street	2021-12-06	Wastewater	Batch5
B157	38X	Texas	Houston	Houston 3	Keegan's Bayou	2021-11-08	Wastewater	Batch5
B191	38X	Texas	Houston	Houston 3	Keegan's Bayou	2021-11-22	Wastewater	Batch5
B206	38X	Texas	Houston	Houston 3	Keegan's Bayou	2021-12-06	Wastewater	Batch5
3051	39X	Arizona	Tempe	Tempe 11	Daley Park	2021-12-06	Wastewater	Batch5
B162	3X	Oregon	Dallas	Dallas	City of Dallas WRF	2021-11-08	Wastewater	Batch5
B179	3X	Oregon	Dallas	Dallas	City of Dallas WRF	2021-11-22	Wastewater	Batch5
B197	3X	Oregon	Dallas	Dallas	City of Dallas WRF	2021-12-06	Wastewater	Batch5
B166	4X	New Mexico	Farmington	Farmington	Farmington WWTP	2021-11-08	Wastewater	Batch5
B186	4X	New Mexico	Farmington	Farmington	Farmington WWTP	2021-11-22	Wastewater	Batch5
B159	5X	Washington	Des Moines	Des Moines 2	Redondo WWTP	2021-11-08	Wastewater	Batch5
B180	5X	Washington	Des Moines	Des Moines 2	Redondo WWTP	2021-11-22	Wastewater	Batch5
B194	5X	Washington	Des Moines	Des Moines 2	Redondo	2021-12-06	Wastewater	Batch5
B170	6X	Washington	Walla Walla	Walla Walla	WWTP	2021-11-08	Wastewater	Batch5
B184	6X	Washington	Walla Walla	Walla Walla	WWTP	2021-11-22	Wastewater	Batch5
B203	6X	Washington	Walla Walla	Walla Walla	WWTP	2021-12-06	Wastewater	Batch5
B168	7X	Washington	Spokane	Spokane	SpokaneCountyRegionalWaterFacility	2021-11-08	Wastewater	Batch5
B188	7X	Washington	Spokane	Spokane	SpokaneCountyRegionalWaterFacility	2021-11-22	Wastewater	Batch5
B198	7X	Washington	Spokane	Spokane	SpokaneCountyRegionalWaterFacility	2021-12-06	Wastewater	Batch5
B167	8X	New Jersey	Hoboken	Hoboken	NHSAAdamsSt.Hoboken	2021-11-08	Wastewater	Batch5
B183	8X	New Jersey	Hoboken	Hoboken	NHSAAdamsSt.Hoboken	2021-11-21	Wastewater	Batch5
B193	8X	New Jersey	Hoboken	Hoboken	NHSAAdamsSt.Hoboken	2021-12-05	Wastewater	Batch5
B171	9X	Arizona	Scottsdale	Scottsdale	COS Water Quailty Laboratory	2021-11-15	Wastewater	Batch5
B192	9X	Arizona	Scottsdale	Scottsdale	COS Water Quailty Laboratory	2021-11-30	Wastewater	Batch5
3117	10X	Arizona	Tempe	Tempe 01	TP01	2021-12-21	Wastewater	Batch6
3193	10X	Arizona	Tempe	Tempe 01	TP01	2022-01-03	Wastewater	Batch6
3194	11X	Arizona	Tempe	Tempe 02	TP02	2022-01-03	Wastewater	Batch6
3119	13X	Arizona	Tempe	Tempe 04	TP04	2021-12-21	Wastewater	Batch6
3196	13X	Arizona	Tempe	Tempe 04	TP04	2022-01-03	Wastewater	Batch6
3120	14X	Arizona	Tempe	Tempe 05	TP05	2021-12-21	Wastewater	Batch6
3197	14X	Arizona	Tempe	Tempe 05	TP05	2022-01-03	Wastewater	Batch6
3121	15X	Arizona	Tempe	Tempe 08	Rural	2021-12-21	Wastewater	Batch6
3198	15X	Arizona	Tempe	Tempe 08	Rural	2022-01-03	Wastewater	Batch6
3199	16X	Arizona	Tempe	Tempe 09	College	2022-01-03	Wastewater	Batch6
3125	17X	Arizona	Guadalupe	Guadalupe	Guadalupe	2021-12-21	Wastewater	Batch6
3201	17X	Arizona	Guadalupe	Guadalupe	Guadalupe	2022-01-03	Wastewater	Batch6
3128	19X	Arizona	Mesa	Location 1	ME01	2021-12-21	Wastewater	Batch6
3203	19X	Arizona	Mesa	Location 1	ME01	2022-01-03	Wastewater	Batch6
B260	1X	Georgia	Americus	Americus	Americus Mill Creek WPCF	2022-01-17	Wastewater	Batch6
3204	20X	Arizona	Mesa	Location 2	ME02	2022-01-03	Wastewater	Batch6
G400	21X	Arizona	Gilbert	Gilbert 1	Neely WWTP	2021-12-13	Wastewater	Batch6
G401	22X	Arizona	Gilbert	Gilbert 2	Greenfield MS	2021-12-13	Wastewater	Batch6
B221	23X	Oregon	Ontario	Ontario	Ontario City Inf	2021-12-20	Wastewater	Batch6
B231	23X	Oregon	Ontario	Ontario	Ontario City Inf	2022-01-03	Wastewater	Batch6
B254	23X	Oregon	Ontario	Ontario	Ontario City Inf	2022-01-17	Wastewater	Batch6
3124	24X	Arizona	Tempe	Tempe 07	Downtown/TP08	2021-12-21	Wastewater	Batch6
3200	24X	Arizona	Tempe	Tempe 07	Downtown/TP09	2022-01-03	Wastewater	Batch6
B227	25X	Illinois	Carol Stream	Carol Stream	Carol Stream WRC	2021-12-20	Wastewater	Batch6
B230	25X	Illinois	Carol Stream	Carol Stream	Carol Stream WRC	2022-01-03	Wastewater	Batch6
B262	25X	Illinois	Carol Stream	Carol Stream	Carol Stream WRC	2022-01-17	Wastewater	Batch6
B209	26X	Kentucky	Louisville	Louisville 1	Site 1961	2021-12-12	Wastewater	Batch6
B245	26X	Kentucky	Louisville	Louisville 1	Site 2025	2022-01-10	Wastewater	Batch6
B246	27X	Kentucky	Louisville	Louisville 2	Site 2026	2022-01-10	Wastewater	Batch6
B247	28X	Kentucky	Louisville	Louisville 3	Site 2027	2022-01-10	Wastewater	Batch6
B248	29X	Kentucky	Louisville	Louisville 4	Site 2028	2022-01-10	Wastewater	Batch6
B216	2X	Washington	Des Moines	Des Moines 1	Midway Sewer District	2021-12-21	Wastewater	Batch6
B242	2X	Washington	Des Moines	Des Moines 1	Midway Sewer District	2022-01-03	Wastewater	Batch6
B252	2X	Washington	Des Moines	Des Moines 1	Midway Sewer District	2022-01-17	Wastewater	Batch6
B249	30X	Kentucky	Louisville	Louisville 5	Site 2029	2022-01-10	Wastewater	Batch6
B250	31X	Kentucky	Louisville	Louisville 6	Site 2038	2022-01-10	Wastewater	Batch6
B223	32X	Oregon	Gresham	Gresham	Gresham WWTP	2021-12-20	Wastewater	Batch6
B241	32X	Oregon	Gresham	Gresham	Gresham WWTP	2022-01-04	Wastewater	Batch6
3123	33X	Arizona	Tempe	Tempe 06	Spence/TP06	2021-12-21	Wastewater	Batch6
3212	33X	Arizona	Tempe	Tempe 06	Spence/TP06	2022-01-04	Wastewater	Batch6
B224	35X	Washington	Sequim	Sequim 1	City of Sequim WRF	2021-12-20	Wastewater	Batch6
B239	35X	Washington	Sequim	Sequim 1	City of Sequim WRF	2022-01-03	Wastewater	Batch6
B261	35X	Washington	Sequim	Sequim 1	City of Sequim WRF	2022-01-17	Wastewater	Batch6
B234	36X	Texas	Houston	Houston 1	West District	2022-01-03	Wastewater	Batch6
B258	36X	Texas	Houston	Houston 1	West District	2022-01-17	Wastewater	Batch6
B233	37X	Texas	Houston	Houston 2	69th Street	2022-01-03	Wastewater	Batch6
B257	37X	Texas	Houston	Houston 2	69th Street	2022-01-17	Wastewater	Batch6
B228	38X	Texas	Houston	Houston 3	Keegan's Bayou	2021-12-20	Wastewater	Batch6
B235	38X	Texas	Houston	Houston 3	Keegan's Bayou	2022-01-03	Wastewater	Batch6
B259	38X	Texas	Houston	Houston 3	Keegan's Bayou	2022-01-17	Wastewater	Batch6
3127	39X	Arizona	Tempe	Tempe 11	Daley Park	2021-12-21	Wastewater	Batch6
3202	39X	Arizona	Tempe	Tempe 11	Daley Park	2022-01-03	Wastewater	Batch6
B232	3X	Oregon	Dallas	Dallas	City of Dallas WRF	2022-01-03	Wastewater	Batch6
B243	4X	New Mexico	Farmington	Farmington	Farmington WWTP	2022-01-04	Wastewater	Batch6
B256	4X	New Mexico	Farmington	Farmington	Farmington WWTP	2022-01-17	Wastewater	Batch6
B217	5X	Washington	Des Moines	Des Moines 2	Redondo	2021-12-20	Wastewater	Batch6
B240	5X	Washington	Des Moines	Des Moines 2	Redondo	2022-01-03	Wastewater	Batch6
B253	5X	Washington	Des Moines	Des Moines 2	Redondo	2022-01-17	Wastewater	Batch6
B238	6X	Washington	Walla Walla	Walla Walla	City of Walla Walla	2022-01-03	Wastewater	Batch6
B255	6X	Washington	Walla Walla	Walla Walla	City of Walla Walla	2022-01-17	Wastewater	Batch6
B218	7X	Washington	Spokane	Spokane	SpokaneCountyRegionalWaterFacility	2021-12-20	Wastewater	Batch6
B237	7X	Washington	Spokane	Spokane	SpokaneCountyRegionalWaterFacility	2022-01-03	Wastewater	Batch6
B226	8X	New Jersey	Hoboken	Hoboken	NHSA Adams St. Hoboken	2021-12-20	Wastewater	Batch6
B236	8X	New Jersey	Hoboken	Hoboken	NHSA Adams St. Hoboken	2022-01-04	Wastewater	Batch6
B229	9X	Arizona	Scottsdale	Scottsdale	COS Water Quailty Laboratory	2021-12-29	Wastewater	Batch6
B251	9X	Arizona	Scottsdale	Scottsdale	COS Water Quailty Laboratory	2022-01-12	Wastewater	Batch6
3267	10X	Arizona	Tempe	Tempe 01	TP01	2022-01-17	Wastewater	Batch7
3341	10X	Arizona	Tempe	Tempe 01	TP01	2022-01-31	Wastewater	Batch7
3268	11X	Arizona	Tempe	Tempe 02	TP02	2022-01-17	Wastewater	Batch7
3342	11X	Arizona	Tempe	Tempe 02	TP02	2022-01-31	Wastewater	Batch7
3270	13X	Arizona	Tempe	Tempe 04	TP04	2022-01-17	Wastewater	Batch7
3344	13X	Arizona	Tempe	Tempe 04	TP04	2022-01-31	Wastewater	Batch7
3271	14X	Arizona	Tempe	Tempe 05	TP05	2022-01-17	Wastewater	Batch7
3282	15X	Arizona	Tempe	Tempe 08	Rural	2022-01-19	Wastewater	Batch7
3346	15X	Arizona	Tempe	Tempe 08	Rural	2022-01-31	Wastewater	Batch7
3283	16X	Arizona	Tempe	Tempe 09	College	2022-01-19	Wastewater	Batch7
3347	16X	Arizona	Tempe	Tempe 09	College	2022-01-31	Wastewater	Batch7
3273	17X	Arizona	Guadalupe	Guadalupe	Guadalupe	2022-01-17	Wastewater	Batch7
3350	17X	Arizona	Guadalupe	Guadalupe	Guadalupe	2022-01-31	Wastewater	Batch7
3351	18X	Arizona	Tempe	Tempe 10	StLukes	2022-01-31	Wastewater	Batch7
3275	19X	Arizona	Mesa	Location 1	ME01	2022-01-17	Wastewater	Batch7
3352	19X	Arizona	Mesa	Location 1	ME01	2022-01-31	Wastewater	Batch7
BD5	1X	Georgia	Americus	Americus	Americus Mill Creek WPCF	2021-12-28	Wastewater	Batch7
BD6	1X	Georgia	Americus	Americus	Americus Mill Creek WPCF	2022-01-02	Wastewater	Batch7
B277	1X	Georgia	Americus	Americus	Americus Mill Creek WPCF	2022-01-31	Wastewater	Batch7
3276	20X	Arizona	Mesa	Location 2	ME02	2022-01-17	Wastewater	Batch7
3353	20X	Arizona	Mesa	Location 2	ME02	2022-01-31	Wastewater	Batch7
G408	21X	Arizona	Gilbert	Gilbert 1	Neely WWTP	2022-01-25	Wastewater	Batch7
G413	21X	Arizona	Gilbert	Gilbert 1	Neely WWTP	2022-02-15	Wastewater	Batch7
G409	22X	Arizona	Gilbert	Gilbert 2	Greenfield MS	2022-01-25	Wastewater	Batch7
G414	22X	Arizona	Gilbert	Gilbert 2	Greenfield MS	2022-02-15	Wastewater	Batch7
BD17	23X	Oregon	Ontario	Ontario	Ontario WWTP	2021-12-26	Wastewater	Batch7
BD18	23X	Oregon	Ontario	Ontario	Ontario WWTP	2022-01-03	Wastewater	Batch7
B273	23X	Oregon	Ontario	Ontario	Ontario City Inf	2022-01-31	Wastewater	Batch7
B288	23X	Oregon	Ontario	Ontario	Ontario City Inf	2022-02-14	Wastewater	Batch7
3272	24X	Arizona	Tempe	Tempe 07	Downtown/TP10	2022-01-17	Wastewater	Batch7
3349	24X	Arizona	Tempe	Tempe 07	Downtown/TP11	2022-01-31	Wastewater	Batch7
BD15	25X	Illinois	Carol Stream	Carol Stream	Carol Stream WRC	2021-12-29	Wastewater	Batch7
BD16	25X	Illinois	Carol Stream	Carol Stream	Carol Stream WRC	2022-01-02	Wastewater	Batch7
B271	25X	Illinois	Carol Stream	Carol Stream	Carol Stream WRC	2022-01-31	Wastewater	Batch7
BD3	2X	Washington	Des Moines	Des Moines 1	Midway Sewer District	2021-12-30	Wastewater	Batch7
BD4	2X	Washington	Des Moines	Des Moines 1	Midway Sewer District	2022-01-02	Wastewater	Batch7
B278	2X	Washington	Des Moines	Des Moines 1	Midway Sewer District	2022-01-31	Wastewater	Batch7
BD19	32X	Oregon	Gresham	Gresham	Gresham WWTP	2021-12-27	Wastewater	Batch7
BD20	32X	Oregon	Gresham	Gresham	Gresham WWTP	2021-12-29	Wastewater	Batch7
B263	32X	Oregon	Gresham	Gresham	Gresham WWTP	2022-01-17	Wastewater	Batch7
B268	32X	Oregon	Gresham	Gresham	Gresham WWTP	2022-01-31	Wastewater	Batch7
B296	32X	Oregon	Gresham	Gresham	Gresham WWTP	2022-02-14	Wastewater	Batch7
3284	33X	Arizona	Tempe	Tempe 06	Spence/TP06	2022-01-19	Wastewater	Batch7
3348	33X	Arizona	Tempe	Tempe 06	Spence/TP06	2022-01-31	Wastewater	Batch7
B272	34X	Washington	Sequim	Sequim 2	Sunland Water District	2022-01-31	Wastewater	Batch7
B291	34X	Washington	Sequim	Sequim 2	Sunland Water District	2022-02-14	Wastewater	Batch7
B281	35X	Washington	Sequim	Sequim 1	City of Sequim WRF	2022-01-31	Wastewater	Batch7
B275	36X	Texas	Houston	Houston 1	West District	2022-01-31	Wastewater	Batch7
B274	37X	Texas	Houston	Houston 2	69th Street	2022-01-31	Wastewater	Batch7
B276	38X	Texas	Houston	Houston 3	Keegan's Bayou	2022-01-31	Wastewater	Batch7
BD9	3X	Oregon	Dallas	Dallas	City of Dallas WRF	2021-12-27	Wastewater	Batch7
BD10	3X	Oregon	Dallas	Dallas	City of Dallas WRF	2022-01-01	Wastewater	Batch7
B264	3X	Oregon	Dallas	Dallas	City of Dallas WRF	2022-01-17	Wastewater	Batch7
B283	3X	Oregon	Dallas	Dallas	City of Dallas WRF	2022-01-31	Wastewater	Batch7
B287	3X	Oregon	Dallas	Dallas	City of Dallas WRF	2022-02-14	Wastewater	Batch7
BD1	4X	New Mexico	Farmington	Farmington	Farmington WWTP	2021-12-30	Wastewater	Batch7
BD2	4X	New Mexico	Farmington	Farmington	Farmington WWTP	2022-01-02	Wastewater	Batch7
B279	4X	New Mexico	Farmington	Farmington	Farmington WWTP	2022-01-31	Wastewater	Batch7
B285	4X	New Mexico	Farmington	Farmington	Farmington WWTP	2022-02-13	Wastewater	Batch7
B269	5X	Washington	Des Moines	Des Moines 2	Redondo	2022-01-31	Wastewater	Batch7
B292	5X	Washington	Des Moines	Des Moines 2	Redondo	2022-02-14	Wastewater	Batch7
BD13	6X	Washington	Walla Walla	Walla Walla	City of Walla Walla	2021-12-29	Wastewater	Batch7
BD14	6X	Washington	Walla Walla	Walla Walla	City of Walla Walla	2022-01-01	Wastewater	Batch7
B282	6X	Washington	Walla Walla	Walla Walla	City of Walla Walla	2022-01-31	Wastewater	Batch7
B286	6X	Washington	Walla Walla	Walla Walla	City of Walla Walla	2022-02-14	Wastewater	Batch7
BD11	7X	Washington	Spokane	Spokane	Spokane County Regional WRF	2021-12-28	Wastewater	Batch7
BD12	7X	Washington	Spokane	Spokane	Spokane County Regional WRF	2022-01-01	Wastewater	Batch7
B270	7X	Washington	Spokane	Spokane	SpokaneCountyRegionalWaterFacility	2022-01-31	Wastewater	Batch7
B297	7X	Washington	Spokane	Spokane	SpokaneCountyRegionalWaterFacility	2022-02-14	Wastewater	Batch7
BD7	8X	New Jersey	Hoboken	Hoboken	NHSA Adams St. Hoboken	2021-12-28	Wastewater	Batch7
BD8	8X	New Jersey	Hoboken	Hoboken	NHSA Adams St. Hoboken	2022-01-02	Wastewater	Batch7
B265	8X	New Jersey	Hoboken	Hoboken	NHSA Adams St. Hoboken	2022-01-17	Wastewater	Batch7
B280	8X	New Jersey	Hoboken	Hoboken	NHSA Adams St. Hoboken	2022-01-31	Wastewater	Batch7
B267	9X	Arizona	Scottsdale	Scottsdale	COS Water Quailty Laboratory	2022-01-25	Wastewater	Batch7
3419	10X	Arizona	Tempe	Tempe 01	TP01	2022-02-14	Wastewater	Batch8
3495	10X	Arizona	Tempe	Tempe 01	TP01	2022-02-28	Wastewater	Batch8
3572	10X	Arizona	Tempe	Tempe 01	TP01	2022-03-14	Wastewater	Batch8
3645	10X	Arizona	Tempe	Tempe 01	TP01	2022-03-28	Wastewater	Batch8
3420	11X	Arizona	Tempe	Tempe 02	TP02	2022-02-14	Wastewater	Batch8
3496	11X	Arizona	Tempe	Tempe 02	TP02	2022-02-28	Wastewater	Batch8
3573	11X	Arizona	Tempe	Tempe 02	TP02	2022-03-14	Wastewater	Batch8
3646	11X	Arizona	Tempe	Tempe 02	TP02	2022-03-28	Wastewater	Batch8
3497	12X	Arizona	Tempe	Tempe 03	TP03	2022-02-28	Wastewater	Batch8
3574	12X	Arizona	Tempe	Tempe 03	TP03	2022-03-14	Wastewater	Batch8
3647	12X	Arizona	Tempe	Tempe 03	TP03	2022-03-28	Wastewater	Batch8
3422	13X	Arizona	Tempe	Tempe 04	TP04	2022-02-14	Wastewater	Batch8
3498	13X	Arizona	Tempe	Tempe 04	TP04	2022-02-28	Wastewater	Batch8
3575	13X	Arizona	Tempe	Tempe 04	TP04	2022-03-14	Wastewater	Batch8
3648	13X	Arizona	Tempe	Tempe 04	TP04	2022-03-28	Wastewater	Batch8
3423	14X	Arizona	Tempe	Tempe 05	TP05	2022-02-14	Wastewater	Batch8
3499	14X	Arizona	Tempe	Tempe 05	TP05	2022-02-28	Wastewater	Batch8
3424	15X	Arizona	Tempe	Tempe 08	Rural	2022-02-14	Wastewater	Batch8
3500	15X	Arizona	Tempe	Tempe 08	Rural	2022-02-28	Wastewater	Batch8
3577	15X	Arizona	Tempe	Tempe 08	Rural	2022-03-14	Wastewater	Batch8
3650	15X	Arizona	Tempe	Tempe 08	Rural	2022-03-28	Wastewater	Batch8
3425	16X	Arizona	Tempe	Tempe 09	College	2022-02-14	Wastewater	Batch8
3578	16X	Arizona	Tempe	Tempe 09	College	2022-03-14	Wastewater	Batch8
3428	17X	Arizona	Guadalupe	Guadalupe	Guadalupe	2022-02-14	Wastewater	Batch8
3504	17X	Arizona	Guadalupe	Guadalupe	Guadalupe	2022-02-28	Wastewater	Batch8
3582	18X	Arizona	Tempe	Tempe 10	StLukes	2022-03-14	Wastewater	Batch8
3430	19X	Arizona	Mesa	Location 1	ME01	2022-02-14	Wastewater	Batch8
B303	1X	Georgia	Americus	Americus	Americus Mill Creek WPCF	2022-02-28	Wastewater	Batch8
3507	20X	Arizona	Mesa	Location 2	ME02	2022-02-28	Wastewater	Batch8
B311	23X	Oregon	Ontario	Ontario	Ontario City Inf	2022-02-28	Wastewater	Batch8
B330	23X	Oregon	Ontario	Ontario	Ontario City Inf	2022-03-14	Wastewater	Batch8
B347	23X	Oregon	Ontario	Ontario	Ontario City Inf	2022-03-28	Wastewater	Batch8
3427	24X	Arizona	Tempe	Tempe 07	Downtown/TP07	2022-02-14	Wastewater	Batch8
3503	24X	Arizona	Tempe	Tempe 07	Downtown/TP07	2022-02-28	Wastewater	Batch8
B307	25X	Illinois	Carol Stream	Carol Stream	Carol Stream WRC	2022-02-28	Wastewater	Batch8
B321	25X	Illinois	Carol Stream	Carol Stream	Carol Stream WRC	2022-03-14	Wastewater	Batch8
B308	2X	Washington	Des Moines	Des Moines 1	Midway Sewer District	2022-02-28	Wastewater	Batch8
B302	32X	Oregon	Gresham	Gresham	Gresham WWTP	2022-02-28	Wastewater	Batch8
3426	33X	Arizona	Tempe	Tempe 06	Spence/TP06	2022-02-14	Wastewater	Batch8
3502	33X	Arizona	Tempe	Tempe 06	Spence/TP06	2022-02-28	Wastewater	Batch8
B301	34X	Washington	Sequim	Sequim 2	Sunland Water District	2022-02-28	Wastewater	Batch8
B306	35X	Washington	Sequim	Sequim 1	City of Sequim WRF	2022-02-28	Wastewater	Batch8
B344	35X	Washington	Sequim	Sequim 1	City of Sequim WRF	2022-03-28	Wastewater	Batch8
B313	36X	Texas	Houston	Houston 1	West District	2022-02-28	Wastewater	Batch8
B323	36X	Texas	Houston	Houston 1	West District	2022-03-14	Wastewater	Batch8
B312	37X	Texas	Houston	Houston 2	69th Street	2022-02-28	Wastewater	Batch8
B314	38X	Texas	Houston	Houston 3	Keegan's Bayou	2022-02-28	Wastewater	Batch8
B319	3X	Oregon	Dallas	Dallas	City of Dallas WRF	2022-03-14	Wastewater	Batch8
B309	4X	New Mexico	Farmington	Farmington	Farmington WWTP	2022-02-28	Wastewater	Batch8
B310	5X	Washington	Des Moines	Des Moines 2	Redondo	2022-02-28	Wastewater	Batch8
B320	5X	Washington	Des Moines	Des Moines 2	Redondo	2022-03-14	Wastewater	Batch8
B338	5X	Washington	Des Moines	Des Moines 2	Redondo	2022-03-28	Wastewater	Batch8
B305	6X	Washington	Walla Walla	Walla Walla	City of Walla Walla	2022-02-28	Wastewater	Batch8
B318	6X	Washington	Walla Walla	Walla Walla	City of Walla Walla	2022-03-14	Wastewater	Batch8
B331	7X	Washington	Spokane	Spokane	Spokane County Regional WRF	2022-03-14	Wastewater	Batch8
B316	9X	Arizona	Scottsdale	Scottsdale	COS Water Quailty Laboratory	2022-02-23	Wastewater	Batch8
B334	9X	Arizona	Scottsdale	Scottsdale	COS Water Quailty Laboratory	2022-03-24	Wastewater	Batch8
3717	10X	Arizona	Tempe	Tempe 01	TP01	2022-04-11	Wastewater	Batch9
3866	10X	Arizona	Tempe	Tempe 01	TP01	2022-05-09	Wastewater	Batch9
3796	11X	Arizona	Tempe	Tempe 02	TP02	2022-04-25	Wastewater	Batch9
3867	11X	Arizona	Tempe	Tempe 02	TP02	2022-05-09	Wastewater	Batch9
3868	12X	Arizona	Tempe	Tempe 03	TP03	2022-05-09	Wastewater	Batch9
3720	13X	Arizona	Tempe	Tempe 04	TP04	2022-04-11	Wastewater	Batch9
3869	13X	Arizona	Tempe	Tempe 04	TP04	2022-05-09	Wastewater	Batch9
3870	14X	Arizona	Tempe	Tempe 05	TP05	2022-05-09	Wastewater	Batch9
3800	15X	Arizona	Tempe	Tempe 08	Rural	2022-04-25	Wastewater	Batch9
3871	15X	Arizona	Tempe	Tempe 08	Rural	2022-05-09	Wastewater	Batch9
3872	16X	Arizona	Tempe	Tempe 09	College	2022-05-09	Wastewater	Batch9
3803	17X	Arizona	Guadalupe	Guadalupe	Guadalupe	2022-04-25	Wastewater	Batch9
3873	17X	Arizona	Guadalupe	Guadalupe	Guadalupe	2022-05-09	Wastewater	Batch9
3874	18X	Arizona	Tempe	Tempe 10	StLukes	2022-05-09	Wastewater	Batch9
3728	19X	Arizona	Mesa	Location 1	ME01	2022-04-11	Wastewater	Batch9
B383	1X	Georgia	Americus	Americus	Americus Mill Creek WPCF	2022-04-25	Wastewater	Batch9
B388	1X	Georgia	Americus	Americus	Americus Mill Creek WPCF	2022-05-09	Wastewater	Batch9
3657	20X	Arizona	Mesa	Location 2	ME02	2022-03-28	Wastewater	Batch9
3876	20X	Arizona	Mesa	Location 2	ME02	2022-05-09	Wastewater	Batch9
G420	21X	Arizona	Gilbert	Gilbert 1	Neely WWTP	2022-04-18	Wastewater	Batch9
G421	22X	Arizona	Gilbert	Gilbert 2	Greenfield MS	2022-04-18	Wastewater	Batch9
B363	23X	Oregon	Ontario	Ontario	Ontario City Inf	2022-04-11	Wastewater	Batch9
B381	23X	Oregon	Ontario	Ontario	Ontario City Inf	2022-04-25	Wastewater	Batch9
3725	24X	Arizona	Tempe	Tempe 07	Downtown/TP07	2022-04-11	Wastewater	Batch9
3814	24X	Arizona	Tempe	Tempe 07	Downtown/TP07	2022-04-27	Wastewater	Batch9
B359	25X	Illinois	Carol Stream	Carol Stream	Carol Stream WRC	2022-04-11	Wastewater	Batch9
B373	25X	Illinois	Carol Stream	Carol Stream	Carol Stream WRC	2022-04-25	Wastewater	Batch9
B390	25X	Illinois	Carol Stream	Carol Stream	Carol Stream WRC	2022-05-09	Wastewater	Batch9
B361	2X	Washington	Des Moines	Des Moines 1	Midway Sewer District	2022-04-11	Wastewater	Batch9
B376	2X	Washington	Des Moines	Des Moines 1	Midway Sewer District	2022-04-25	Wastewater	Batch9
B393	2X	Washington	Des Moines	Des Moines 1	Midway Sewer District	2022-05-09	Wastewater	Batch9
B362	32X	Oregon	Gresham	Gresham	Gresham WWTP	2022-04-11	Wastewater	Batch9
B375	32X	Oregon	Gresham	Gresham	Gresham WWTP	2022-04-25	Wastewater	Batch9
B389	32X	Oregon	Gresham	Gresham	Gresham WWTP	2022-05-09	Wastewater	Batch9
B374	34X	Washington	Sequim	Sequim 2	Sunland Water District	2022-04-25	Wastewater	Batch9
B355	35X	Washington	Sequim	Sequim 1	City of Sequim WRF	2022-04-11	Wastewater	Batch9
B378	35X	Washington	Sequim	Sequim 1	City of Sequim WRF	2022-04-25	Wastewater	Batch9
B349	36X	Texas	Houston	Houston 1	West District	2022-03-28	Wastewater	Batch9
B353	36X	Texas	Houston	Houston 1	West District	2022-04-11	Wastewater	Batch9
B386	36X	Texas	Houston	Houston 1	West District	2022-05-09	Wastewater	Batch9
B352	37X	Texas	Houston	Houston 2	69th Street	2022-04-11	Wastewater	Batch9
B369	37X	Texas	Houston	Houston 2	69th Street	2022-04-25	Wastewater	Batch9
B385	37X	Texas	Houston	Houston 2	69th Street	2022-05-09	Wastewater	Batch9
B354	38X	Texas	Houston	Houston 3	Keegan's Bayou	2022-04-11	Wastewater	Batch9
B358	3X	Oregon	Dallas	Dallas	City of Dallas WRF	2022-04-11	Wastewater	Batch9
B377	3X	Oregon	Dallas	Dallas	City of Dallas WRF	2022-04-25	Wastewater	Batch9
B367	4X	New Mexico	Farmington	Farmington	Farmington WWTP	2022-04-11	Wastewater	Batch9
B380	4X	New Mexico	Farmington	Farmington	Farmington WWTP	2022-04-25	Wastewater	Batch9
B365	5X	Washington	Des Moines	Des Moines 2	Redondo	2022-04-11	Wastewater	Batch9
B391	5X	Washington	Des Moines	Des Moines 2	Redondo	2022-05-09	Wastewater	Batch9
B360	6X	Washington	Walla Walla	Walla Walla	City of Walla Walla	2022-04-11	Wastewater	Batch9
B372	6X	Washington	Walla Walla	Walla Walla	City of Walla Walla	2022-04-25	Wastewater	Batch9
B357	7X	Washington	Spokane	Spokane	Spokane County Regional WRF	2022-04-11	Wastewater	Batch9
B379	7X	Washington	Spokane	Spokane	Spokane County Regional WRF	2022-04-25	Wastewater	Batch9
B364	8X	New Jersey	Hoboken	Hoboken	NHSA Adams St. Hoboken	2022-04-11	Wastewater	Batch9
B394	8X	New Jersey	Hoboken	Hoboken	NHSA Adams St. Hoboken	2022-05-09	Wastewater	Batch9
B368	9X	Arizona	Scottsdale	Scottsdale	COS Scottsdale	2022-04-19	Wastewater	Batch9
B384	9X	Arizona	Scottsdale	Scottsdale	COS Scottsdale	2022-05-03	Wastewater	Batch9